date,balance
2017-01-02,6808265
2017-01-03,6827474
2017-01-04,6863834
2017-01-05,6928667
2017-01-06,6981799
2017-01-09,7026729
2017-01-10,7075290
2017-01-11,7143905
2017-01-12,7179615
2017-01-13,7187960
2017-01-16,7194444
2017-01-17,7191854
2017-01-18,7221613
2017-01-19,7210167
2017-01-20,7210752
2017-01-23,7226867
2017-01-24,7216655
2017-01-25,7173538
2017-01-26,7128796
2017-01-31,7129266
2017-02-01,7095302
2017-02-02,7105995
2017-02-03,7109434
2017-02-06,7084097
2017-02-07,7003025
2017-02-08,6992452
2017-02-09,6988237
2017-02-10,7002033
2017-02-13,7023948
2017-02-14,7006486
2017-02-15,6990799
2017-02-16,6990751
2017-02-17,7001107
2017-02-20,7026475
2017-02-21,7025484
2017-02-22,7055635
2017-02-23,7060876
2017-02-24,7085328
2017-02-27,7095245
2017-02-28,7076078
2017-03-02,7068537
2017-03-03,7063607
2017-03-06,7061948
2017-03-07,6998485
2017-03-08,6976735
2017-03-09,6977950
2017-03-10,6998243
2017-03-13,7014657
2017-03-14,7012953
2017-03-15,7043082
2017-03-16,7097977
2017-03-17,7112682
2017-03-20,7105120
2017-03-21,7140178
2017-03-22,7167144
2017-03-23,7195990
2017-03-24,7202279
2017-03-27,7215385
2017-03-28,7192848
2017-03-29,7207916
2017-03-30,7218983
2017-03-31,7245390
2017-04-03,7266688
2017-04-04,7253066
2017-04-05,7245712
2017-04-06,7253955
2017-04-07,7267063
2017-04-10,7285058
2017-04-11,7301590
2017-04-12,7258685
2017-04-13,7223390
2017-04-14,7233000
2017-04-17,7231534
2017-04-18,7210145
2017-04-19,7216908
2017-04-20,7255765
2017-04-21,7297919
2017-04-24,7308971
2017-04-25,7299043
2017-04-26,7273593
2017-04-27,7262358
2017-04-28,7251612
2017-05-02,7319841
2017-05-04,7323443
2017-05-08,7293102
2017-05-10,7295159
2017-05-11,7297150
2017-05-12,7347788
2017-05-15,7381848
2017-05-16,7447509
2017-05-17,7490997
2017-05-18,7519239
2017-05-19,7555136
2017-05-22,7586131
2017-05-23,7602860
2017-05-24,7669334
2017-05-25,7694349
2017-05-26,7729523
2017-05-29,7741170
2017-05-30,7773457
2017-05-31,7815409
2017-06-01,7829698
2017-06-02,7883323
2017-06-05,7929220
2017-06-07,7964315
2017-06-08,8011345
2017-06-09,8056093
2017-06-12,8118319
2017-06-13,8188026
2017-06-14,8281175
2017-06-15,8323060
2017-06-16,8344233
2017-06-19,8408860
2017-06-20,8430749
2017-06-21,8456282
2017-06-22,8472965
2017-06-23,8465743
2017-06-26,8460283
2017-06-27,8466325
2017-06-28,8510308
2017-06-29,8552547
2017-06-30,8547772
2017-07-03,8542470
2017-07-04,8540775
2017-07-05,8525081
2017-07-06,8486502
2017-07-07,8518920
2017-07-10,8543236
2017-07-11,8503679
2017-07-12,8467124
2017-07-13,8465215
2017-07-14,8456427
2017-07-17,8481947
2017-07-18,8471213
2017-07-19,8472137
2017-07-20,8513061
2017-07-21,8543669
2017-07-24,8583348
2017-07-25,8615959
2017-07-26,8657040
2017-07-27,8667963
2017-07-28,8628143
2017-07-31,8607764
2017-08-01,8540156
2017-08-02,8488120
2017-08-03,8490483
2017-08-04,8496425
2017-08-07,8456553
2017-08-08,8420466
2017-08-09,8423127
2017-08-10,8428670
2017-08-11,8400556
2017-08-14,8330826
2017-08-16,8282918
2017-08-17,8226649
2017-08-18,8190411
2017-08-21,8202438
2017-08-22,8213725
2017-08-23,8235321
2017-08-24,8252723
2017-08-25,8281405
2017-08-28,8288780
2017-08-29,8284542
2017-08-30,8294341
2017-08-31,8316125
2017-09-01,8349773
2017-09-04,8386512
2017-09-05,8422865
2017-09-06,8383332
2017-09-07,8398619
2017-09-08,8420991
2017-09-11,8410062
2017-09-12,8415318
2017-09-13,8411474
2017-09-14,8462755
2017-09-15,8490706
2017-09-18,8529807
2017-09-19,8578196
2017-09-20,8620517
2017-09-21,8685097
2017-09-22,8702773
2017-09-25,8665517
2017-09-26,8524448
2017-09-27,8410395
2017-09-28,8327405
2017-09-29,8311647
2017-10-10,8305879
2017-10-11,8242167
2017-10-12,8275243
2017-10-13,8316291
2017-10-16,8384693
2017-10-17,8409148
2017-10-18,8403831
2017-10-19,8462552
2017-10-20,8482755
2017-10-23,8529853
2017-10-24,8545290
2017-10-25,8635177
2017-10-26,8676829
2017-10-27,8726786
2017-10-30,8763990
2017-10-31,8782092
2017-11-01,8857469
2017-11-02,8937410
2017-11-03,8995361
2017-11-06,9040335
2017-11-07,9071659
2017-11-08,9131285
2017-11-09,9172888
2017-11-10,9232715
2017-11-13,9293621
2017-11-14,9340208
2017-11-15,9385575
2017-11-16,9432795
2017-11-17,9503194
2017-11-20,9575491
2017-11-21,9658332
2017-11-22,9708152
2017-11-23,9809749
2017-11-24,9889178
2017-11-27,9908753
2017-11-28,9980907
2017-11-29,10045649
2017-11-30,10030194
2017-12-01,10021501
2017-12-04,10051431
2017-12-05,10086305
2017-12-06,10144106
2017-12-07,10112544
2017-12-08,10165623
2017-12-11,10140182
2017-12-12,10070124
2017-12-13,10017054
2017-12-14,10070519
2017-12-15,10052577
2017-12-18,10138559
2017-12-19,10106441
2017-12-20,10102726
2017-12-21,10042286
2017-12-22,9997067
2017-12-26,9936809
2017-12-27,9857132
2017-12-28,9867021
2017-12-29,9860832
2018-01-02,9893540
2018-01-03,9922278
2018-01-04,10021972
2018-01-05,10155535
2018-01-08,10286437
2018-01-09,10322561
2018-01-10,10454941
2018-01-11,10524284
2018-01-12,10616452
2018-01-15,10684463
2018-01-16,10711339
2018-01-17,10772621
2018-01-18,10821377
2018-01-19,10862582
2018-01-22,10926507
2018-01-23,10993974
2018-01-24,10984827
2018-01-25,10976295
2018-01-26,11064792
2018-01-29,11086562
2018-01-30,11180828
2018-01-31,11277646
2018-02-01,11360065
2018-02-02,11419254
2018-02-05,11424798
2018-02-06,11403767
2018-02-07,11340221
2018-02-08,11050131
2018-02-09,11048740
2018-02-12,11042223
2018-02-13,11030497
2018-02-14,11085800
2018-02-19,11016497
2018-02-20,10992392
2018-02-21,11041890
2018-02-22,11146234
2018-02-23,11192280
2018-02-26,11250929
2018-02-27,11249734
2018-02-28,11241258
2018-03-02,11231632
2018-03-05,11202462
2018-03-06,11241904
2018-03-07,11243393
2018-03-08,11240381
2018-03-09,11204235
2018-03-12,11177177
2018-03-13,11239162
2018-03-14,11296003
2018-03-15,11422319
2018-03-16,11516579
2018-03-19,11592388
2018-03-20,11607735
2018-03-21,11631060
2018-03-22,11665677
2018-03-23,11679962
2018-03-26,11607756
2018-03-27,11348266
2018-03-28,11223566
2018-03-29,11300850
2018-03-30,11340934
2018-04-02,11412678
2018-04-03,11475741
2018-04-04,11530059
2018-04-05,11571593
2018-04-06,11644798
2018-04-09,11668089
2018-04-10,11694341
2018-04-11,11745792
2018-04-12,11788414
2018-04-13,11854687
2018-04-16,11901236
2018-04-17,11938143
2018-04-18,11993371
2018-04-19,12064215
2018-04-20,12065219
2018-04-23,12120343
2018-04-24,12164747
2018-04-25,12178824
2018-04-26,12175945
2018-04-27,12184500
2018-04-30,12221227
2018-05-02,12266918
2018-05-03,12254127
2018-05-04,12289802
2018-05-08,12283271
2018-05-09,12309224
2018-05-10,12229357
2018-05-11,12154416
2018-05-14,12237407
2018-05-15,12279208
2018-05-16,12394384
2018-05-17,12486376
2018-05-18,12462279
2018-05-21,12432299
2018-05-23,12410024
2018-05-24,12481165
2018-05-25,12525161
2018-05-28,12519983
2018-05-29,12342004
2018-05-30,12406529
2018-05-31,12498500
2018-06-01,12537994
2018-06-04,12563954
2018-06-05,12568690
2018-06-07,12576013
2018-06-08,12577850
2018-06-11,12623033
2018-06-12,12647993
2018-06-14,12598398
2018-06-15,12564547
2018-06-18,12518130
2018-06-19,12458749
2018-06-20,12272523
2018-06-21,12038126
2018-06-22,11968910
2018-06-25,11999470
2018-06-26,11921247
2018-06-27,11914676
2018-06-28,11888265
2018-06-29,11818300
2018-07-02,11694405
2018-07-03,11572374
2018-07-04,11448067
2018-07-05,11250459
2018-07-06,11247976
2018-07-09,11209923
2018-07-10,11184835
2018-07-11,11187545
2018-07-12,11179916
2018-07-13,11229054
2018-07-16,11270244
2018-07-17,11297543
2018-07-18,11366261
2018-07-19,11412674
2018-07-20,11393726
2018-07-23,11320106
2018-07-24,11258392
2018-07-25,11073549
2018-07-26,10919273
2018-07-27,10883668
2018-07-30,10824627
2018-07-31,10867332
2018-08-01,10905019
2018-08-02,10931504
2018-08-03,10948806
2018-08-06,11063340
2018-08-07,11082447
2018-08-08,11108726
2018-08-09,11139902
2018-08-10,11185688
2018-08-13,11201053
2018-08-14,11232015
2018-08-16,11162969
2018-08-17,11050264
2018-08-20,11060106
2018-08-21,11077961
2018-08-22,11143723
2018-08-23,11153938
2018-08-24,11212162
2018-08-27,11273599
2018-08-28,11305717
2018-08-29,11287616
2018-08-30,11285609
2018-08-31,11305720
2018-09-03,11358777
2018-09-04,11376523
2018-09-05,11465253
2018-09-06,11499946
2018-09-07,11593873
2018-09-10,11598854
2018-09-11,11607642
2018-09-12,11626679
2018-09-13,11702272
2018-09-14,11752244
2018-09-17,11780929
2018-09-18,11770841
2018-09-19,11805556
2018-09-20,11836039
2018-09-21,11832746
2018-09-27,11788945
2018-09-28,11784115
2018-10-01,11810309
2018-10-02,11857786
2018-10-04,11855553
2018-10-05,11830058
2018-10-08,11784651
2018-10-10,11699244
2018-10-11,11573387
2018-10-12,11364173
2018-10-15,10882195
2018-10-16,10689794
2018-10-17,10696343
2018-10-18,10690323
2018-10-19,10729911
2018-10-22,10795812
2018-10-23,10803831
2018-10-24,10816087
2018-10-25,10783370
2018-10-26,10507100
2018-10-29,10156820
2018-10-30,9847651
2018-10-31,9364986
2018-11-01,8999314
2018-11-02,9024745
2018-11-05,9037398
2018-11-06,8983997
2018-11-07,9163242
2018-11-08,9266976
2018-11-09,9355111
2018-11-12,9382185
2018-11-13,9440532
2018-11-14,9412466
2018-11-15,9389910
2018-11-16,9417809
2018-11-19,9424033
2018-11-20,9445513
2018-11-21,9490587
2018-11-22,9585204
2018-11-23,9649902
2018-11-26,9697277
2018-11-27,9659583
2018-11-28,9586839
2018-11-29,9581632
2018-11-30,9613581
2018-12-03,9593227
2018-12-04,9617453
2018-12-05,9611431
2018-12-06,9693522
2018-12-07,9744417
2018-12-10,9723045
2018-12-11,9683234
2018-12-12,9652991
2018-12-13,9601976
2018-12-14,9562040
2018-12-17,9570122
2018-12-18,9604634
2018-12-19,9543984
2018-12-20,9488830
2018-12-21,9485382
2018-12-24,9473035
2018-12-26,9458057
2018-12-27,9453651
2018-12-28,9412173
2018-12-31,9407585
2019-01-02,9355478
2019-01-03,9354756
2019-01-04,9423103
2019-01-07,9388335
2019-01-08,9393464
2019-01-09,9404679
2019-01-10,9442340
2019-01-11,9435441
2019-01-14,9476579
2019-01-15,9463145
2019-01-16,9520685
2019-01-17,9529113
2019-01-18,9594719
2019-01-21,9656448
2019-01-22,9676579
2019-01-23,9763655
2019-01-24,9805258
2019-01-25,9818135
2019-01-28,9853900
2019-01-29,9785253
2019-01-30,9868170
2019-01-31,9926859
2019-02-01,9932411
2019-02-07,9986958
2019-02-08,9971963
2019-02-11,9994249
2019-02-12,10102031
2019-02-13,10187298
2019-02-14,10229396
2019-02-15,10249827
2019-02-18,10300975
2019-02-19,10382106
2019-02-20,10370978
2019-02-21,10395912
2019-02-22,10413002
2019-02-25,10446526
2019-02-26,10459698
2019-02-27,10471354
2019-02-28,10495466
2019-03-04,10507953
2019-03-05,10353358
2019-03-06,10248151
2019-03-07,10312952
2019-03-08,10372930
2019-03-11,10373317
2019-03-12,10368358
2019-03-13,10386812
2019-03-14,10377974
2019-03-15,10428192
2019-03-18,10481397
2019-03-19,10433290
2019-03-20,10426243
2019-03-21,10467812
2019-03-22,10493977
2019-03-25,10479607
2019-03-26,10439214
2019-03-27,10401833
2019-03-28,10384631
2019-03-29,10394712
2019-04-01,10319065
2019-04-02,10238126
2019-04-03,10199105
2019-04-04,10226907
2019-04-05,10250846
2019-04-08,10274512
2019-04-09,10335838
2019-04-10,10356905
2019-04-11,10393545
2019-04-12,10441240
2019-04-15,10466597
2019-04-16,10504987
2019-04-17,10568269
2019-04-18,10590483
2019-04-19,10613281
2019-04-22,10625746
2019-04-23,10621734
2019-04-24,10678980
2019-04-25,10715109
2019-04-26,10780516
2019-04-29,10751403
2019-04-30,10682613
2019-05-02,10649973
2019-05-03,10647470
2019-05-07,10666719
2019-05-08,10718047
2019-05-09,10681676
2019-05-10,10632620
2019-05-13,10562454
2019-05-14,10432674
2019-05-15,10401084
2019-05-16,10319329
2019-05-17,10350206
2019-05-20,10414085
2019-05-21,10402366
2019-05-22,10355910
2019-05-23,10327289
2019-05-24,10337829
2019-05-27,10302833
2019-05-28,10237544
2019-05-29,10211139
2019-05-30,10237966
2019-05-31,10252568
2019-06-03,10197269
2019-06-04,10163620
2019-06-05,10150952
2019-06-07,10163454
2019-06-10,10194359
2019-06-11,10227782
2019-06-12,10262589
2019-06-13,10299978
2019-06-14,10373026
2019-06-17,10435142
2019-06-18,10502406
2019-06-19,10509245
2019-06-20,10499060
2019-06-21,10446261
2019-06-24,10451477
2019-06-25,10500369
2019-06-26,10507230
2019-06-27,10509358
2019-06-28,10470084
2019-07-01,10363157
2019-07-02,10229631
2019-07-03,10155636
2019-07-04,10177149
2019-07-05,10218816
2019-07-08,10196553
2019-07-09,10175629
2019-07-10,10104223
2019-07-11,9922814
2019-07-12,9895327
2019-07-15,9907626
2019-07-16,9956900
2019-07-17,9994453
2019-07-18,10011677
2019-07-19,10013610
2019-07-22,10002609
2019-07-23,9973524
2019-07-24,10010990
2019-07-25,10009021
2019-07-26,9929168
2019-07-29,9800245
2019-07-30,9675175
2019-07-31,9478770
2019-08-01,9288614
2019-08-02,9242534
2019-08-05,9154754
2019-08-06,9016402
2019-08-07,8710453
2019-08-08,8182084
2019-08-09,8012969
2019-08-12,8030941
2019-08-13,8100533
2019-08-14,8183078
2019-08-16,8244789
2019-08-19,8291745
2019-08-20,8306839
2019-08-21,8297276
2019-08-22,8316775
2019-08-23,8382159
2019-08-26,8464107
2019-08-27,8450707
2019-08-28,8419192
2019-08-29,8395412
2019-08-30,8386204
2019-09-02,8419905
2019-09-03,8369900
2019-09-04,8416318
2019-09-05,8475479
2019-09-06,8517052
2019-09-09,8580318
2019-09-10,8628248
2019-09-11,8647851
2019-09-16,8635583
2019-09-17,8622005
2019-09-18,8672650
2019-09-19,8769853
2019-09-20,8844500
2019-09-23,8893348
2019-09-24,8897850
2019-09-25,8933022
2019-09-26,8928174
2019-09-27,8897889
2019-09-30,8800162
2019-10-01,8811165
2019-10-02,8790081
2019-10-04,8761980
2019-10-07,8818667
2019-10-08,8807064
2019-10-10,8734941
2019-10-11,8696836
2019-10-14,8777677
2019-10-15,8775707
2019-10-16,8788438
2019-10-17,8840561
2019-10-18,8856031
2019-10-21,8902811
2019-10-22,8948999
2019-10-23,8990248
2019-10-24,8978307
2019-10-25,9020048
2019-10-28,9017607
2019-10-29,9032858
2019-10-30,9001505
2019-10-31,9042509
2019-11-01,9088107
2019-11-04,9106562
2019-11-05,9130253
2019-11-06,9166723
2019-11-07,9207486
2019-11-08,9262262
2019-11-11,9335383
2019-11-12,9359712
2019-11-13,9415204
2019-11-14,9439948
2019-11-15,9501520
2019-11-18,9493619
2019-11-19,9460855
2019-11-20,9514533
2019-11-21,9529267
2019-11-22,9516341
2019-11-25,9442350
2019-11-26,9365651
2019-11-27,9323554
2019-11-28,9372229
2019-11-29,9415811
2019-12-02,9406400
2019-12-03,9409198
2019-12-04,9357303
2019-12-05,9347183
2019-12-06,9342633
2019-12-09,9265999
2019-12-10,9192732
2019-12-11,9219240
2019-12-12,9219118
2019-12-13,9239557
2019-12-16,9204628
2019-12-17,9188995
2019-12-18,9220299
2019-12-19,9241484
2019-12-20,9297119
2019-12-23,9304967
2019-12-24,9288611
2019-12-26,9269390
2019-12-27,9233752
2019-12-30,9218105
2019-12-31,9213276
2020-01-02,9207175
2020-01-03,9231595
2020-01-06,9376932
2020-01-07,9479197
2020-01-08,9531604
2020-01-09,9532312
2020-01-10,9493450
2020-01-13,9459644
2020-01-14,9543165
2020-01-15,9644538
2020-01-16,9695465
2020-01-17,9773968
2020-01-20,9879240
2020-01-21,9892463
2020-01-22,9950474
2020-01-23,9999563
2020-01-28,10019726
2020-01-29,10092624
2020-01-30,10106988
2020-01-31,10080631
2020-02-03,10038047
2020-02-04,9914933
2020-02-05,9818154
2020-02-06,9853155
2020-02-07,9941547
2020-02-10,9941121
2020-02-11,10085083
2020-02-12,10182059
2020-02-13,10231273
2020-02-14,10294979
2020-02-17,10351033
2020-02-18,10405212
2020-02-19,10462694
2020-02-20,10514123
2020-02-21,10516321
2020-02-24,10543567
2020-02-25,10486371
2020-02-26,10350972
2020-02-27,10296179
2020-02-28,10372604
2020-03-02,10278525
2020-03-03,10010245
2020-03-04,9941075
2020-03-05,9996896
2020-03-06,10024660
2020-03-09,10106442
2020-03-10,10187397
2020-03-11,10134516
2020-03-12,10026043
2020-03-13,9862825
2020-03-16,9419006
2020-03-17,8542175
2020-03-18,8141754
2020-03-19,7828321
2020-03-20,7524496
2020-03-23,6767275
2020-03-24,6447040
2020-03-25,6407513
2020-03-26,6436078
2020-03-27,6440447
2020-03-30,6525697
2020-03-31,6578263
2020-04-01,6688864
2020-04-02,6878091
2020-04-03,7032108
2020-04-06,7155893
2020-04-07,7260190
2020-04-08,7359432
2020-04-09,7527286
2020-04-10,7705349
2020-04-13,7880698
2020-04-14,7997588
2020-04-16,8079877
2020-04-17,8107056
2020-04-20,8254649
2020-04-21,8367401
2020-04-22,8522089
2020-04-23,8658274
2020-04-24,8798606
2020-04-27,8896308
2020-04-28,8981254
2020-04-29,9043411
2020-05-04,9138226
2020-05-06,9148258
2020-05-07,9293246
2020-05-08,9401611
2020-05-11,9495912
2020-05-12,9554894
2020-05-13,9718147
2020-05-14,9866508
2020-05-15,9953379
2020-05-18,10078261
2020-05-19,10141020
2020-05-20,10211538
2020-05-21,10224752
2020-05-22,10306919
2020-05-25,10464548
2020-05-26,10586867
2020-05-27,10666167
2020-05-28,10807273
2020-05-29,10927629
2020-06-01,10931475
2020-06-02,10938529
2020-06-03,11046726
2020-06-04,11203225
2020-06-05,11316308
2020-06-08,11377741
2020-06-09,11510879
2020-06-10,11647126
2020-06-11,11790940
2020-06-12,11862769
2020-06-15,12059783
2020-06-16,12026250
2020-06-17,11838634
2020-06-18,11770096
2020-06-19,11966742
2020-06-22,12096181
2020-06-23,12198340
2020-06-24,12329436
2020-06-25,12435670
2020-06-26,12545180
2020-06-29,12662372
2020-06-30,12660430
2020-07-01,12647151
2020-07-02,12670466
2020-07-03,12637552
2020-07-06,12622960
2020-07-07,12703556
2020-07-08,12857427
2020-07-09,12982025
2020-07-10,13092258
2020-07-13,13201365
2020-07-14,13299590
2020-07-15,13416155
2020-07-16,13516970
2020-07-17,13535803
2020-07-20,13568102
2020-07-21,13669002
2020-07-22,13767873
2020-07-23,13862346
2020-07-24,14049616
2020-07-27,14030241
2020-07-28,13953742
2020-07-29,14057681
2020-07-30,14211958
2020-07-31,14325916
2020-08-03,14420830
2020-08-04,14544653
2020-08-05,14667003
2020-08-06,14814683
2020-08-07,15053761
2020-08-10,15172725
2020-08-11,15380515
2020-08-12,15628748
2020-08-13,15794045
2020-08-14,15900133
2020-08-18,16032616
2020-08-19,16032402
2020-08-20,15794864
2020-08-21,15766837
2020-08-24,15726699
2020-08-25,15639371
2020-08-26,15705646
2020-08-27,15878468
2020-08-28,16129883
2020-08-31,16215052
2020-09-01,16272830
2020-09-02,16555494
2020-09-03,16681901
2020-09-04,16807937
2020-09-07,16954815
2020-09-08,16920201
2020-09-09,17064588
2020-09-10,17212114
2020-09-11,17337903
2020-09-14,17447700
2020-09-15,17568429
2020-09-16,17758971
2020-09-17,17902311
2020-09-18,17819113
2020-09-21,17685994
2020-09-22,17656834
2020-09-23,17366059
2020-09-24,17246673
2020-09-25,17062500
2020-09-28,16647762
2020-09-29,16350517
2020-10-05,16393484
2020-10-06,16504366
2020-10-07,16604514
2020-10-08,16695026
2020-10-12,16883772
2020-10-13,17068390
2020-10-14,17210599
2020-10-15,17324552
2020-10-16,17377687
2020-10-19,17242556
2020-10-20,17082727
2020-10-21,16941214
2020-10-22,16827580
2020-10-23,16893825
2020-10-26,16860047
2020-10-27,16802834
2020-10-28,16593264
2020-10-29,16416295
2020-10-30,16429418
2020-11-02,16560446
2020-11-03,16610095
2020-11-04,16528662
2020-11-05,16552389
2020-11-06,16679975
2020-11-09,16679074
2020-11-10,16852798
2020-11-11,16968506
2020-11-12,17197501
2020-11-13,17173259
2020-11-16,17241281
2020-11-17,17244112
2020-11-18,17374217
2020-11-19,17388376
2020-11-20,17382266
2020-11-23,17597514
2020-11-24,17673843
2020-11-25,17799285
2020-11-26,17805936
2020-11-27,17868832
2020-11-30,17940139
2020-12-01,18027477
2020-12-02,18275039
2020-12-03,18382247
2020-12-04,18509988
2020-12-07,18573426
2020-12-08,18530688
2020-12-09,18633020
2020-12-10,18703568
2020-12-11,18848687
2020-12-14,19004198
2020-12-15,19124125
2020-12-16,19246932
2020-12-17,19323325
2020-12-18,19423798
2020-12-21,19392421
2020-12-22,19432606
2020-12-23,19403857
2020-12-24,19453603
2020-12-28,19340097
2020-12-29,19212869
2020-12-30,19229664
2020-12-31,19221357
2021-01-04,19352288
2021-01-05,19624196
2021-01-06,19955656
2021-01-07,20122262
2021-01-08,20322133
2021-01-11,20511099
2021-01-12,20787198
2021-01-13,20980012
2021-01-14,21282624
2021-01-15,21296255
2021-01-18,21346534
2021-01-19,21263717
2021-01-20,21030412
2021-01-21,21079439
2021-01-22,21445981
2021-01-25,21633107
2021-01-26,21574401
2021-01-27,21376968
2021-01-28,21244438
2021-01-29,21013879
2021-02-01,20596405
2021-02-02,19989535
2021-02-03,20152598
2021-02-04,20262871
2021-02-05,20985698
2021-02-08,21583304
2021-02-09,21631413
2021-02-10,21635413
2021-02-15,21662791
2021-02-16,21704333
2021-02-17,21822035
2021-02-18,21902600
2021-02-19,22223258
2021-02-22,22216174
2021-02-23,22152314
2021-02-24,21948783
2021-02-25,21724162
2021-02-26,21179639
2021-03-02,21270051
2021-03-03,21383550
2021-03-04,21302443
2021-03-05,21322788
2021-03-08,21469679
2021-03-09,21444634
2021-03-10,21318531
2021-03-11,21347571
2021-03-12,21229942
2021-03-15,21141826
2021-03-16,21130800
2021-03-17,21242772
2021-03-18,21331119
2021-03-19,21658610
2021-03-22,21793730
2021-03-23,21978891
2021-03-24,22116807
2021-03-25,22093377
2021-03-26,22160828
2021-03-29,22238838
2021-03-30,22222592
2021-03-31,22235476
2021-04-01,22200167
2021-04-02,22259753
2021-04-05,22194386
2021-04-06,22163483
2021-04-07,22206980
2021-04-08,22164531
2021-04-09,22156032
2021-04-12,22235845
2021-04-13,22278534
2021-04-14,22384179
2021-04-15,22421043
2021-04-16,22455611
2021-04-19,22541610
2021-04-20,22904590
2021-04-21,23090501
2021-04-22,23199424
2021-04-23,23376887
2021-04-26,23375883
2021-04-27,23374934
2021-04-28,23450995
2021-04-29,23545395
2021-04-30,23374796
2021-05-03,23207071
2021-05-04,23054668
2021-05-06,22818405
2021-05-07,22611400
2021-05-10,22781825
2021-05-11,22922181
2021-05-12,23071504
2021-05-13,23420100
2021-05-14,23362263
2021-05-17,23261661
2021-05-18,23191411
2021-05-20,23228305
2021-05-21,23152896
2021-05-24,23189845
2021-05-25,23108295
2021-05-26,22921540
2021-05-27,22986929
2021-05-28,23119818
2021-05-31,23174810
2021-06-01,23200434
2021-06-02,23308023
2021-06-03,23281532
2021-06-04,23451900
2021-06-07,23575951
2021-06-08,23665623
2021-06-09,23747298
2021-06-10,23660630
2021-06-11,23563962
2021-06-14,23499310
2021-06-15,23498832
2021-06-16,23494332
2021-06-17,23546482
2021-06-18,23601994
2021-06-21,23644811
2021-06-22,23719033
2021-06-23,23692760
2021-06-24,23733047
2021-06-25,23789142
2021-06-28,23849446
2021-06-29,23777511
2021-06-30,23831339
2021-07-01,24181595
2021-07-02,24302284
2021-07-05,24445239
2021-07-06,24533546
2021-07-07,24584072
2021-07-08,24597762
2021-07-09,24614273
2021-07-12,24536954
2021-07-13,24482559
2021-07-14,24476658
2021-07-15,24535029
2021-07-16,24670163
2021-07-19,24771342
2021-07-20,24730390
2021-07-21,24718434
2021-07-22,24620008
2021-07-23,24648295
2021-07-26,24584625
2021-07-27,24600173
2021-07-28,24596804
2021-07-29,24548178
2021-07-30,24453486
2021-08-02,24446487
2021-08-03,24368595
2021-08-04,24281884
2021-08-05,24215780
2021-08-06,24162399
2021-08-09,24438735
2021-08-10,24659764
2021-08-11,24892165
2021-08-12,24955770
2021-08-13,25095596
2021-08-17,25471210
2021-08-18,25611163
2021-08-19,25365647
2021-08-20,25195666
2021-08-23,25067634
2021-08-24,24578003
2021-08-25,24454159
2021-08-26,24457367
2021-08-27,24676283
2021-08-30,24821640
2021-08-31,24920586
2021-09-01,25035680
2021-09-02,25022853
2021-09-03,25140378
2021-09-06,25310527
2021-09-07,25360955
2021-09-08,25417204
2021-09-09,25575066
2021-09-10,25574883
2021-09-13,25654021
2021-09-14,25590363
2021-09-15,25528134
2021-09-16,25456203
2021-09-17,25385292
2021-09-23,25353582
2021-09-24,25283980
2021-09-27,25148681
2021-09-28,25047389
2021-09-29,24985917
2021-09-30,24839347
2021-10-01,24583790
2021-10-05,24480696
2021-10-06,24104167
2021-10-07,23642581
2021-10-08,23035479
2021-10-12,22806895
2021-10-13,22897012
2021-10-14,23053869
2021-10-15,23068727
2021-10-18,23228797
2021-10-19,23400028
2021-10-20,23586306
2021-10-21,23694826
2021-10-22,23792347
2021-10-25,23814096
2021-10-26,23807091
2021-10-27,23866013
2021-10-28,23901726
2021-10-29,24031375
2021-11-01,24027491
2021-11-02,24017293
2021-11-03,23912168
2021-11-04,23895532
2021-11-05,24029192
2021-11-08,23887522
2021-11-09,23845711
2021-11-10,23857455
2021-11-11,23785205
2021-11-12,23645909
2021-11-15,23520807
2021-11-16,23449150
2021-11-17,23498514
2021-11-18,23593283
2021-11-19,23669913
2021-11-22,23727238
2021-11-23,23697880
2021-11-24,23573751
2021-11-25,23483054
2021-11-26,23587909
2021-11-29,23660985
2021-11-30,23452952
2021-12-01,23123702
2021-12-02,22747343
2021-12-03,22549889
2021-12-06,22494713
2021-12-07,22551210
2021-12-08,22706533
2021-12-09,22802418
2021-12-10,22846417
2021-12-13,22909187
2021-12-14,23085989
2021-12-15,23117514
2021-12-16,23152454
2021-12-17,23218882
2021-12-20,23267297
2021-12-21,23209709
2021-12-22,23235946
2021-12-23,23186091
2021-12-24,23168552
2021-12-27,23132544
2021-12-28,23093351
2021-12-29,23148833
2021-12-30,23097232
2021-12-31,23088636
2022-01-03,23328429
2022-01-04,23419619
2022-01-05,23509968
2022-01-06,23714954
2022-01-07,23810574
2022-01-10,23533304
2022-01-11,23518198
2022-01-12,23650966
2022-01-13,23501679
2022-01-14,23483136
2022-01-17,23563629
2022-01-18,23569248
2022-01-19,23431541
2022-01-20,23171662
2022-01-21,22947376
2022-01-24,22914746
2022-01-25,22798985
2022-01-26,22523668
2022-01-27,22004783
2022-01-28,21672907
2022-02-03,21338454
2022-02-04,21039007
2022-02-07,21043823
2022-02-08,21217966
2022-02-09,21470552
2022-02-10,21502782
2022-02-11,21547518
2022-02-14,21591794
2022-02-15,21434887
2022-02-16,21126391
2022-02-17,20809249
2022-02-18,20741207
2022-02-21,20725079
2022-02-22,20793075
2022-02-23,20893038
2022-02-24,20885110
2022-02-25,20954940
2022-02-28,20896955
2022-03-02,20813376
2022-03-03,20835203
2022-03-04,20990852
2022-03-07,21105441
2022-03-08,21387164
2022-03-10,21454023
2022-03-11,21389889
2022-03-14,21308276
2022-03-15,21427883
2022-03-16,21547021
2022-03-17,21475271
2022-03-18,21479837
2022-03-21,21433493
2022-03-22,21530209
2022-03-23,21656751
2022-03-24,21679863
2022-03-25,21741598
2022-03-28,21880133
2022-03-29,21983613
2022-03-30,22069590
2022-03-31,22042773
2022-04-01,22019164
2022-04-04,22045489
2022-04-05,22158391
2022-04-06,22187053
2022-04-07,22258795
2022-04-08,22329923
2022-04-11,22336306
2022-04-12,22281005
2022-04-13,22299814
2022-04-14,22234523
2022-04-15,22206741
2022-04-18,22289037
2022-04-19,22362495
2022-04-20,22346500
2022-04-21,22330790
2022-04-22,22397774
2022-04-25,22375257
2022-04-26,22460483
2022-04-27,22336199
2022-04-28,22296373
2022-04-29,22261673
2022-05-02,22205399
2022-05-03,22182399
2022-05-04,22262456
2022-05-06,22299126
2022-05-09,22336606
2022-05-10,22267353
2022-05-11,22028053
2022-05-12,21824778
2022-05-13,21841090
2022-05-16,21678767
2022-05-17,21490694
2022-05-18,21516951
2022-05-19,21553691
2022-05-20,21625820
2022-05-23,21645776
2022-05-24,21587710
2022-05-25,21665118
2022-05-26,21665154
2022-05-27,21607210
2022-05-30,21624695
2022-05-31,21564642
2022-06-02,21531304
2022-06-03,21575125
2022-06-07,21711107
2022-06-08,21643371
2022-06-09,21713490
2022-06-10,21639268
2022-06-13,21619749
2022-06-14,21608580
2022-06-15,21144204
2022-06-16,20686265
2022-06-17,20357337
2022-06-20,20030041
2022-06-21,19854560
2022-06-22,19530818
2022-06-23,19216099
2022-06-24,18891898
2022-06-27,18044310
2022-06-28,17715553
2022-06-29,17752911
2022-06-30,17868304
2022-07-01,17989175
2022-07-04,17938978
2022-07-05,17763610
2022-07-06,17585926
2022-07-07,17494596
2022-07-08,17647338
2022-07-11,17650486
2022-07-12,17710299
2022-07-13,17818888
2022-07-14,17864833
2022-07-15,17849439
2022-07-18,17919285
2022-07-19,18005320
2022-07-20,18011795
2022-07-21,18146994
2022-07-22,18242032
2022-07-25,18272101
2022-07-26,18368908
2022-07-27,18381463
2022-07-28,18462659
2022-07-29,18561878
2022-08-01,18629993
2022-08-02,18643116
2022-08-03,18717412
2022-08-04,18839029
2022-08-05,18836376
2022-08-08,18946270
2022-08-09,18967829
2022-08-10,19093064
2022-08-11,19210997
2022-08-12,19326657
2022-08-16,19306626
2022-08-17,19376373
2022-08-18,19415177
2022-08-19,19458848
2022-08-22,19544968
2022-08-23,19531315
2022-08-24,19418527
2022-08-25,19305036
2022-08-26,19300069
2022-08-29,19338100
2022-08-30,19397498
2022-08-31,19346495
2022-09-01,19387812
2022-09-02,19428052
2022-09-05,19504650
2022-09-06,19458229
2022-09-07,19294761
2022-09-08,19262269
2022-09-13,19272864
2022-09-14,19202948
2022-09-15,19077042
2022-09-16,19188604
2022-09-19,19295046
2022-09-20,19258952
2022-09-21,19046770
2022-09-22,18913448
2022-09-23,18892818
2022-09-26,18776731
2022-09-27,18592848
2022-09-28,17909552
2022-09-29,17461184
2022-09-30,17164768
2022-10-04,16848300
2022-10-05,16613701
2022-10-06,16564059
2022-10-07,16690982
2022-10-11,16630623
2022-10-12,16628151
2022-10-13,16437449
2022-10-14,16270374
2022-10-17,16044694
2022-10-18,15962165
2022-10-19,16022454
2022-10-20,16117418
2022-10-21,16171616
2022-10-24,16257659
2022-10-25,16225053
2022-10-26,16142800
2022-10-27,16155635
2022-10-28,16156230
2022-10-31,16075686
2022-11-01,16104147
2022-11-02,16111596
2022-11-03,16115114
2022-11-04,16158220
2022-11-07,16290081
2022-11-08,16334254
2022-11-09,16353345
2022-11-10,16308811
2022-11-11,16341819
2022-11-14,16484209
2022-11-15,16420768
2022-11-16,16577275
2022-11-17,16704597
2022-11-18,16879353
2022-11-21,17011185
2022-11-22,17008772
2022-11-23,17007738
2022-11-24,17024872
2022-11-25,17023766
2022-11-28,17044250
2022-11-29,17085870
2022-11-30,17134051
2022-12-01,17095973
2022-12-02,17114273
2022-12-05,17137011
2022-12-06,17298472
2022-12-07,17346495
2022-12-08,17362742
2022-12-09,17335296
2022-12-12,17313237
2022-12-13,17177454
2022-12-14,17186985
2022-12-15,17190258
2022-12-16,17145631
2022-12-19,17235131
2022-12-20,17200640
2022-12-21,17210218
2022-12-22,17131497
2022-12-23,17075345
2022-12-26,16965981
2022-12-27,16875777
2022-12-28,16707097
2022-12-29,16528598
2022-12-30,16518648
2023-01-02,16531124
2023-01-03,16363193
2023-01-04,16120145
2023-01-05,15930721
2023-01-06,15888251
2023-01-09,15944623
2023-01-10,15911221
2023-01-11,15810249
2023-01-12,15898255
2023-01-13,15892806
2023-01-16,15982012
2023-01-17,15988999
2023-01-18,16018218
2023-01-19,16089327
2023-01-20,16138275
2023-01-25,16135544
2023-01-26,16118704
2023-01-27,16091337
2023-01-30,16099786
2023-01-31,16094408
2023-02-01,16253586
2023-02-02,16348403
2023-02-03,16361368
2023-02-06,16426136
2023-02-07,16452740
2023-02-08,16625379
2023-02-09,16715548
2023-02-10,16792153
2023-02-13,16969041
2023-02-14,17120952
2023-02-15,17189102
2023-02-16,17142333
2023-02-17,17316884
2023-02-20,17222068
2023-02-21,17362177
2023-02-22,17418153
2023-02-23,17540081
2023-02-24,17716154
2023-02-27,17712291
2023-02-28,17761244
2023-03-02,17812457
2023-03-03,17787710
2023-03-06,17862774
2023-03-07,17889930
2023-03-08,17999914
2023-03-09,18126053
2023-03-10,18338677
2023-03-13,18347660
2023-03-14,18263407
2023-03-15,18094700
2023-03-16,17934572
2023-03-17,17823975
2023-03-20,17966348
2023-03-21,17947307
2023-03-22,18069027
2023-03-23,18175106
2023-03-24,18220352
2023-03-27,18274079
2023-03-28,18408545
2023-03-29,18548983
2023-03-30,18583772
2023-03-31,18694062
2023-04-03,18769081
2023-04-04,18775466
2023-04-05,18977994
2023-04-06,19048679
2023-04-07,19219393
2023-04-10,19394554
2023-04-11,19434606
2023-04-12,19595143
2023-04-13,19593348
2023-04-14,19742505
2023-04-17,19794145
2023-04-18,19907010
2023-04-19,20136930
2023-04-20,20286314
2023-04-21,20401766
2023-04-24,20431902
2023-04-25,20240821
2023-04-26,20085663
2023-04-27,19778649
2023-04-28,19457779
2023-05-02,19136392
2023-05-03,18914913
2023-05-04,18794323
2023-05-08,18853337
2023-05-09,18852582
2023-05-10,18727392
2023-05-11,18657429
2023-05-12,18644875
2023-05-15,18564019
2023-05-16,18528968
2023-05-17,18386122
2023-05-18,18438460
2023-05-19,18427169
2023-05-22,18472420
2023-05-23,18429102
2023-05-24,18447742
2023-05-25,18499953
2023-05-26,18592380
2023-05-30,18662327
2023-05-31,18631509
2023-06-01,18596084
2023-06-02,18623839
2023-06-05,18687223
2023-06-07,18685133
2023-06-08,18746827
2023-06-09,18800482
2023-06-12,18910465
2023-06-13,18935574
2023-06-14,19070426
2023-06-15,19136966
2023-06-16,19149533
2023-06-19,19160378
2023-06-20,19190636
2023-06-21,19327416
2023-06-22,19428951
2023-06-23,19484994
2023-06-26,19462914
2023-06-27,19475562
2023-06-28,19436254
2023-06-29,19455179
2023-06-30,19400232
2023-07-03,19335782
2023-07-04,19284002
2023-07-05,19261451
2023-07-06,19333392
2023-07-07,19427985
2023-07-10,19393297
2023-07-11,19387078
2023-07-12,19351337
2023-07-13,19276995
2023-07-14,19360057
2023-07-17,19365741
2023-07-18,19451634
2023-07-19,19621415
2023-07-20,19733250
2023-07-21,19857521
2023-07-24,19940894
2023-07-25,20059696
2023-07-26,20117885
2023-07-27,20170517
2023-07-28,19967344
2023-07-31,19738339
2023-08-01,19786504
2023-08-02,20000061
2023-08-03,20193259
2023-08-04,20318813
2023-08-07,20344813
2023-08-08,20432262
2023-08-09,20373295
2023-08-10,20373838
2023-08-11,20343690
2023-08-14,20469697
2023-08-16,20504084
2023-08-17,20557264
2023-08-18,20438892
2023-08-21,20265086
2023-08-22,20188361
2023-08-23,20124629
2023-08-24,20019711
2023-08-25,20140439
2023-08-28,20123962
2023-08-29,20174253
2023-08-30,20178181
2023-08-31,20226086
2023-09-01,20265424
2023-09-04,20337756
2023-09-05,20388406
2023-09-06,20384683
2023-09-07,20430875
2023-09-08,20491168
2023-09-11,20444508
2023-09-12,20416156
2023-09-13,20459389
2023-09-14,20417607
2023-09-15,20278567
2023-09-18,20181167
2023-09-19,20139073
2023-09-20,20198869
2023-09-21,20230780
2023-09-22,20210011
2023-09-25,20120189
2023-09-26,19913980
2023-09-27,19702877
2023-10-04,19453398
2023-10-05,19322028
2023-10-06,19175026
2023-10-10,18810618
2023-10-11,18716588
2023-10-12,18546147
2023-10-13,18464129
2023-10-16,18508093
2023-10-17,18607893
2023-10-18,18561836
2023-10-19,18517531
2023-10-20,18460509
2023-10-23,18226806
2023-10-24,17823435
2023-10-25,17617064
2023-10-26,17479130
2023-10-27,17484300
2023-10-30,17183887
2023-10-31,16970414
2023-11-01,16877675
2023-11-02,16799902
2023-11-03,16624782
2023-11-06,16576692
2023-11-07,16603948
2023-11-08,16750663
2023-11-09,17094532
2023-11-10,17117318
2023-11-13,17106930
2023-11-14,17044270
2023-11-15,16948521
2023-11-16,16867920
2023-11-17,16825264
2023-11-20,16913181
2023-11-21,17015909
2023-11-22,16982502
2023-11-23,17032884
2023-11-24,17085931
2023-11-27,17137230
2023-11-28,17204508
2023-11-29,17217895
2023-11-30,17207523
2023-12-01,17266144
2023-12-04,17273794
2023-12-05,17381164
2023-12-06,17364222
2023-12-07,17335839
2023-12-08,17378403
2023-12-11,17421574
2023-12-12,17353956
2023-12-13,17438579
2023-12-14,17458224
2023-12-15,17464651
2023-12-18,17331076
2023-12-19,17285259
2023-12-20,17429356
2023-12-21,17521731
2023-12-22,17537875
2023-12-26,17626497
2023-12-27,17626142
2023-12-28,17566961
2023-12-29,17558435
2024-01-02,17537053
2024-01-03,17444859
2024-01-04,17563677
2024-01-05,17810007
2024-01-08,17934888
2024-01-09,18004831
2024-01-10,18091620
2024-01-11,18131910
2024-01-12,18267949
2024-01-15,18348086
2024-01-16,18381436
2024-01-17,18312194
2024-01-18,18313827
2024-01-19,18213057
2024-01-22,18077715
2024-01-23,17960100
2024-01-24,17902835
2024-01-25,17861814
2024-01-26,17938095
2024-01-29,17873778
2024-01-30,17810901
2024-01-31,17809048
2024-02-01,17736319
2024-02-02,17689970
2024-02-05,17617352
2024-02-06,17559426
2024-02-07,17826104
2024-02-08,17815317
2024-02-13,17772175
2024-02-14,17752337
2024-02-15,17781038
2024-02-16,17949055
2024-02-19,18130150
2024-02-20,18194737
2024-02-21,18286013
2024-02-22,18376631
2024-02-23,18433885
2024-02-26,18536989
2024-02-27,18598943
2024-02-28,18612731
2024-02-29,18526205
2024-03-04,18473874
2024-03-05,18545794
2024-03-06,18559406
2024-03-07,18726028
2024-03-08,18845107
2024-03-11,18926750
2024-03-12,18838651
2024-03-13,18936461
2024-03-14,19025319
2024-03-15,19155442
2024-03-18,19214441
2024-03-19,19299581
2024-03-20,19379677
2024-03-21,19516178
2024-03-22,19483688
2024-03-25,19348400
2024-03-26,19378607
2024-03-27,19458439
2024-03-28,19479918
2024-03-29,19477200
2024-04-01,19532217
2024-04-02,19532702
2024-04-03,19531879
2024-04-04,19515242
2024-04-05,19482640
2024-04-08,19463495
2024-04-09,19457129
2024-04-11,19363965
2024-04-12,19317418
2024-04-15,19282630
2024-04-16,19348467
2024-04-17,19410242
2024-04-18,19181558
2024-04-19,19062449
2024-04-22,19032581
2024-04-23,19036068
2024-04-24,18991231
2024-04-25,19065329
2024-04-26,19060984
2024-04-29,19187592
2024-04-30,19173006
2024-05-02,19153451
2024-05-03,19201028
2024-05-07,19271388
2024-05-08,19269959
2024-05-09,19190416
2024-05-10,19268463
2024-05-13,19418258
2024-05-14,19386789
2024-05-16,19406293
2024-05-17,19399888
2024-05-20,19444928
2024-05-21,19478176
2024-05-22,19442795
2024-05-23,19491761
2024-05-24,19530732
2024-05-27,19593535
2024-05-28,19619806
2024-05-29,19633248
2024-05-30,19756774
2024-05-31,19817480
2024-06-03,19746554
2024-06-04,19684773
2024-06-05,19662939
2024-06-07,19728918
2024-06-10,19724265
2024-06-11,19775049
2024-06-12,19990034
2024-06-13,20121669
2024-06-14,20083102
2024-06-17,20171795
2024-06-18,20198364
2024-06-19,20243090
2024-06-20,20209741
2024-06-21,20188101
2024-06-24,20247734
2024-06-25,20231298
2024-06-26,20178992
2024-06-27,20089121
2024-06-28,20107741
2024-07-01,20077586
2024-07-02,20021932
2024-07-03,20025886
2024-07-04,19968252
2024-07-05,19874382
2024-07-08,19889991
2024-07-09,19885491
2024-07-10,19935211
2024-07-11,20055688
2024-07-12,20163858
2024-07-15,20200025
2024-07-16,20157093
2024-07-17,20203110
2024-07-18,20163966
2024-07-19,20098282
2024-07-22,19958316
2024-07-23,19965332
2024-07-24,19917334
2024-07-25,19804528
2024-07-26,19792960
2024-07-29,19590527
2024-07-30,19457643
2024-07-31,19428713
2024-08-01,19516041
2024-08-02,19422564
2024-08-05,19294137
2024-08-06,19055440
2024-08-07,17719139
2024-08-08,17126813
2024-08-09,17204040
2024-08-12,17366025
2024-08-13,17478790
2024-08-14,17551171
2024-08-16,17613037
2024-08-19,17605085
2024-08-20,17571016
2024-08-21,17654784
2024-08-22,17716526
2024-08-23,17818128
2024-08-26,17804677
2024-08-27,17790650
2024-08-28,17820941
2024-08-29,17844082
2024-08-30,17855724
2024-09-02,17878472
2024-09-03,17828904
2024-09-04,17891078
2024-09-05,17890520
2024-09-06,17675817
2024-09-09,17357529
2024-09-10,17105992
2024-09-11,17016904
2024-09-12,17034197
2024-09-13,17042079
2024-09-19,16992656
2024-09-20,17103393
2024-09-23,17282466
2024-09-24,17330564
2024-09-25,17439419
2024-09-26,17491414
2024-09-27,17550909
2024-09-30,17464263
2024-10-02,17583190
2024-10-04,17703702
2024-10-07,17765620
2024-10-08,17730717
2024-10-10,17787412
2024-10-11,17950233
2024-10-14,17999735
2024-10-15,18019624
2024-10-16,18017027
2024-10-17,18057297
2024-10-18,18162793
2024-10-21,18215705
2024-10-22,18227524
2024-10-23,18152847
2024-10-24,18093672
2024-10-25,17958135
2024-10-28,18000306
2024-10-29,17886967
2024-10-30,17832614
2024-10-31,17886113
2024-11-01,17935008
2024-11-04,17943777
2024-11-05,17881627
2024-11-06,17840541
2024-11-07,17963496
2024-11-08,17971966
2024-11-11,17935741
2024-11-12,17899937
2024-11-13,17871630
2024-11-14,17576936
2024-11-15,17249731
2024-11-18,16946947
2024-11-19,16712993
2024-11-20,16692178
2024-11-21,16692591
2024-11-22,16678188
2024-11-25,16633643
2024-11-26,16495171
2024-11-27,16500905
2024-11-28,16589271
2024-11-29,16587727
2024-12-02,16581881
2024-12-03,16565842
2024-12-04,16385514
2024-12-05,16313586
2024-12-06,16204590
2024-12-09,16040171
2024-12-10,15746728
2024-12-11,15310680
2024-12-12,15163222
2024-12-13,15249382
2024-12-16,15361608
2024-12-17,15480560
2024-12-18,15690283
2024-12-19,15867032
2024-12-20,15818225
2024-12-23,15926811
2024-12-24,15865397
2024-12-26,15732552
2024-12-27,15819370
2024-12-30,15824314
2024-12-31,15817022
2025-01-02,15682329
2025-01-03,15573950
2025-01-06,15702169
2025-01-07,15722877
2025-01-08,15875647
2025-01-09,16023716
2025-01-10,16103352
2025-01-13,16185153
2025-01-14,16319765
2025-01-15,16421466
2025-01-16,16493331
2025-01-17,16505549
2025-01-20,16459176
2025-01-21,16576883
2025-01-22,16680980
2025-01-23,16750402
2025-01-24,16684449
2025-01-31,16839177
2025-02-03,16760700
2025-02-04,16903481
2025-02-05,16805748
2025-02-06,16707656
2025-02-07,16764741
2025-02-10,16840047
2025-02-11,16996929
2025-02-12,17128833
2025-02-13,17213172
2025-02-14,17332547
2025-02-17,17364181
2025-02-18,17503973
2025-02-19,17603974
2025-02-20,17791501
2025-02-21,17811023
2025-02-24,17888934
2025-02-25,17945977
2025-02-26,18083895
2025-02-27,18192707
2025-02-28,18233130
2025-03-04,18304523
2025-03-05,18353700
2025-03-06,18196932
2025-03-07,18206048
2025-03-10,18241209
2025-03-11,18144678
2025-03-12,18172788
2025-03-13,18146713
2025-03-14,18099015
2025-03-17,18160400
2025-03-18,18198104
2025-03-19,18215689
2025-03-20,18284161
2025-03-21,18285672
2025-03-24,18152379
2025-03-25,17962715
2025-03-26,17952563
2025-03-27,17842252
2025-03-28,17695083
2025-03-31,17593874
2025-04-01,17379043
2025-04-02,17110247
2025-04-03,16972050
2025-04-04,17040431
2025-04-07,16957730
2025-04-08,16961627
2025-04-09,16790753
2025-04-10,16546680
2025-04-11,16446368
2025-04-14,16304549
2025-04-15,16576036
2025-04-16,16784156
2025-04-17,16898742
2025-04-18,17019019
2025-04-21,17074966
2025-04-22,17173562
2025-04-23,17274295
2025-04-24,17428186
2025-04-25,17392718
2025-04-28,17511981
2025-04-29,17522377
2025-04-30,17557971
2025-05-02,17532962
2025-05-07,17615566
2025-05-08,17515303
2025-05-09,17527903
2025-05-12,17662560
2025-05-13,17787241
2025-05-14,17729978
2025-05-15,17805327
2025-05-16,17780241
2025-05-19,17921741
2025-05-20,17943890
2025-05-21,17973528
2025-05-22,17976527
2025-05-23,17997714
2025-05-26,18146008
2025-05-27,18175374
2025-05-28,18163966
2025-05-29,18341038
2025-05-30,18273909
2025-06-02,18346307
2025-06-04,18514411
2025-06-05,18553009
2025-06-09,18533053
2025-06-10,18516888
2025-06-11,18724192
2025-06-12,18850001
2025-06-13,18988848
2025-06-16,19211834
2025-06-17,19385645
2025-06-18,19560301
2025-06-19,19608433
2025-06-20,19819766
2025-06-23,20096580
2025-06-24,20139329
2025-06-25,20572623
2025-06-26,20535166
2025-06-27,20683061
2025-06-30,20786831
2025-07-01,20879816
2025-07-02,20879543
2025-07-03,20779661
2025-07-04,20807425
2025-07-07,20798770
2025-07-08,20828141
2025-07-09,20860067
2025-07-10,21015000
2025-07-11,21266974
2025-07-14,21335168
2025-07-15,21400892
2025-07-16,21471790
2025-07-17,21588086
2025-07-18,21747933
2025-07-21,21755412
2025-07-22,21727258
2025-07-23,21724910
2025-07-24,21827783
2025-07-25,21830926
2025-07-28,21783598
2025-07-29,21788326
2025-07-30,21858078
2025-07-31,21791845
2025-08-01,21769976
2025-08-04,21780212
2025-08-05,21651178
2025-08-06,21500301
2025-08-07,21575253
2025-08-08,21787908
2025-08-11,22036242
2025-08-12,22189194
2025-08-13,22203145
2025-08-14,22211235
2025-08-18,22238800
2025-08-19,22085156
2025-08-20,22287340
2025-08-21,22150954
2025-08-22,21939038
2025-08-25,21940022
2025-08-26,21850072
2025-08-27,21887288
2025-08-28,22071192
2025-08-29,22155070
2025-09-01,22222669
2025-09-02,22260275
2025-09-03,22185984
2025-09-04,22151248
2025-09-05,22220955
2025-09-08,22253675
2025-09-09,22342404
2025-09-10,22380974
2025-09-11,22436243
2025-09-12,22407225
2025-09-15,22501290
2025-09-16,22527934
2025-09-17,22779657
2025-09-18,22881480
2025-09-19,23036952
2025-09-22,23160995
2025-09-23,23286691
2025-09-24,23364313
2025-09-25,23519906
2025-09-26,23537790
2025-09-29,23463228
2025-09-30,23492840
2025-10-01,23345839
2025-10-02,23341255
2025-10-10,23243706
2025-10-13,23267748
2025-10-14,23558561
2025-10-15,23828839
2025-10-16,23775822
2025-10-17,23879969
2025-10-20,24055155
2025-10-21,23926313
2025-10-22,24241954
2025-10-23,24419952
2025-10-24,24651838
2025-10-27,24776660
2025-10-28,24823045
2025-10-29,25096806
2025-10-30,25272595
2025-10-31,25526891
2025-11-03,25461864
2025-11-04,25511751
2025-11-05,25822465
2025-11-06,25878152
2025-11-07,26216547
2025-11-10,26119765
2025-11-11,25991776
2025-11-12,26009766
2025-11-13,26251500
2025-11-14,26403331
2025-11-17,26602943
2025-11-18,26796568
2025-11-19,26835841
2025-11-20,26847120
2025-11-21,26761247
2025-11-24,26761702
2025-11-25,26666986
2025-11-26,26492119
2025-11-27,26444082
2025-11-28,26445065
2025-12-01,26582351
2025-12-02,26799037
2025-12-03,26831012
2025-12-04,26895874
2025-12-05,27076309
2025-12-08,27355467
2025-12-09,27333487
2025-12-10,27406497
2025-12-11,27391215
2025-12-12,27379592
2025-12-15,27418784
2025-12-16,27337687
2025-12-17,27528779
2025-12-18,27344532
2025-12-19,27266021
2025-12-22,27243930
2025-12-23,27265131
2025-12-24,27270110
2025-12-26,27247572
2025-12-29,27294510
2025-12-30,27299548
2025-12-31,27286469
2026-01-02,27420700
2026-01-05,27622356
2026-01-06,27796261
2026-01-07,27870759
2026-01-08,28190294
2026-01-09,28349745
2026-01-12,28522408
2026-01-13,28657441
2026-01-14,28599293
2026-01-15,28745580
2026-01-16,28933786
2026-01-19,28995014
2026-01-20,29058554
2026-01-21,29082114
2026-01-22,28925745
2026-01-23,29055410
2026-01-26,29346682
2026-01-27,29244996
2026-01-28,29596166
2026-01-29,30092487
2026-01-30,30277851
2026-02-02,30473064
2026-02-03,30539766
2026-02-04,30935180
2026-02-05,30786792
2026-02-06,31099495
2026-02-09,31607698
2026-02-10,31560720
2026-02-11,31318010
2026-02-12,31466410
2026-02-13,31476674
2026-02-19,31593229
2026-02-20,31638448
2026-02-23,31712325
2026-02-24,31960208
2026-02-25,32134040
2026-02-26,32368488
2026-02-27,32668983
2026-03-03,32804073
2026-03-04,33197791
2026-03-05,33694521
2026-03-06,32789896
2026-03-09,31690508
2026-03-10,31803317
2026-03-11,31758385
2026-03-12,32141942
2026-03-13,32683362
2026-03-16,33219147
2026-03-17,33331617
2026-03-18,33487589
2026-03-19,33307626
2026-03-20,33255008
2026-03-23,33348618
2026-03-24,33421855
2026-03-25,33028524
2026-03-26,32752416
2026-03-27,32784474
2026-03-30,32601763
2026-03-31,32922615
2026-04-01,32981021
2026-04-02,32725506
2026-04-03,32443983
2026-04-06,32845902
2026-04-07,32657681
2026-04-08,32730005
2026-04-09,32720017
2026-04-10,32901431
2026-04-13,33216818
2026-04-14,33282445
2026-04-15,33356678
2026-04-16,33872266
2026-04-17,34027932
2026-04-20,34259238
2026-04-21,34694635
2026-04-22,34810689
2026-04-23,35079918
2026-04-24,35463009
2026-04-27,35537755
2026-04-28,35689655
2026-04-29,36068250
2026-04-30,35713079
2026-05-04,35838919
2026-05-06,35429768
2026-05-07,35507187
2026-05-08,35950018
2026-05-11,35998500
2026-05-12,36267738
2026-05-13,36074005
2026-05-14,36469784
2026-05-15,36567516
2026-05-18,36396655
2026-05-19,35856070
2026-05-20,36237024
2026-05-21,36472380
2026-05-22,36355524
2026-05-26,36254787
2026-05-27,36690036
2026-05-28,37068718
2026-05-29,38022681
2026-06-01,37681169
